scenario_id,delta,gamma,vega_1pct,spot_shock,vol_shock_abs,approx_unit_pnl,approx_position_pnl
CALL_DELTA_BOOK,0.584476,0.020468,0.337719,1.5,0.02,1.575179,5513.125171
PUT_PROTECTION,-0.473386,0.017307,0.36621,-1.84,0.015,1.449641,2899.282823
VEGA_EVENT,0.538479,0.016773,0.303244,-1.08,0.04,0.641201,961.800833
